[
        { 
            "id": 1,
            "name": "Pizza Prosciutto",
            "price": "21",
            "base" : [
                { "name": "Normal",
                "id" : 1 
                },
                {
                "name": "Fluffy",
                "id": 2 
                }
            ],
            "toppings" : [
                "prosciutto",
                "tomatoes",
                "peppers",
                "olives"
            ]
        },
        {
            "id": 2,
            "name": "pizza margherita",
            "price" : "19",
            "base" : [
                { "name": "normal",
                "id" : 1 
                },
                {
                "name": "fluffy",
                "id": 2 
                }
            ],
            "toppings" : [
                "tomatoes",
                "existential void",
                "cheese"
            ]
        }
    ]
